Product,Category,RoomData,Price (MED),Price post-tax (REC)
1G - PR - Cookie Shrek - 1.00 gram,10 for 20 Prerolls,Cake Floor: 1,1.5,2
1G - PR - Cookie Shrek - 1.00 gram,10 for 20 Prerolls,Cake Floor: 50,1.5,2
1G - PR - Cookie Shrek - 1.00 gram,10 for 20 Prerolls,Cake Floor: 29,1.5,2
1G - PR - Cookie Shrek - 1.00 gram,10 for 20 Prerolls,Cake Floor: 5,1.5,2
1G - PR - Golden S.A.G.E - 1.00 gram,10 for 20 Prerolls,Bulk Inventory: 800,1.5,2
1G - PR - Jack Herer - 1.00 gram,10 for 20 Prerolls,Cake Floor: 11,1.5,2
1G - PR - Jelly Cake - 1.00 gram,10 for 20 Prerolls,Bulk Inventory: 750,1.5,2
1G - PR - Jomo 13 - 1.00 gram,10 for 20 Prerolls,Bulk Inventory: 700,1.5,2
1G - PR - Kernal Putang #3 - 1.00 gram,10 for 20 Prerolls,Cake Floor: 86,1.5,2
1G - PR - Lilac Diesel - 1.00 gram,10 for 20 Prerolls,Bulk Inventory: 750,1.5,2
1G - PR - Lone star - 1.00 gram,10 for 20 Prerolls,Cake Floor: 41,1.5,2
1G - PR - Lone star - 1.00 gram,10 for 20 Prerolls,Cake Floor: 57,1.5,2
1G - PR - Lone star - 1.00 gram,10 for 20 Prerolls,Bulk Inventory: 100,1.5,2
1G - PR - Matchalato - 1.00 gram,10 for 20 Prerolls,Cake Floor: 1,1.5,2
1G - PR - Miami Manog - 1.00 gram,10 for 20 Prerolls,Cake Floor: 114,1.5,2
1G - PR - Miami Manog - 1.00 gram,10 for 20 Prerolls,Bulk Inventory: 1500,1.5,2
1G - PR - Peach Rings - 1.00 gram,10 for 20 Prerolls,Bulk Inventory: 500,1.5,2
1G - PR - Peach Rings - 1.00 gram,10 for 20 Prerolls,Cake Floor: 184,1.5,2
1G - PR - Pink Runtz - 1.00 gram,10 for 20 Prerolls,Cake Floor: 159,1.5,2
1G - PR - Pink Runtz - 1.00 gram,10 for 20 Prerolls,Cake Floor: 1,1.5,2
1G - PR - Purple Papaya Runtz - 1.00 gram,10 for 20 Prerolls,Cake Floor: 715,1.5,2
Grape Deisel-1G-PR - 1.00 gram,10 for 20 Prerolls,Cake Floor: 242,1.5,2
Purple Punch - 1G - PR - 1.00 gram,10 for 20 Prerolls,Cake Floor: 311,1.5,2
Infused Blunt - Animal Mintz,Blunts,Cake Floor: 2,25,30
Infused Blunt - Chingon OG,Blunts,Cake Floor: 2,25,30
Infused Blunt - Choco Flan,Blunts,Cake Floor: 2,25,30
Infused Blunt - Helado de Nuevo Mexico,Blunts,Cake Floor: 2,25,30
Infused Blunt - La Chingona,Blunts,Cake Floor: 2,25,30
Infused Blunt - Mazapan,Blunts,Cake Floor: 2,25,30
Infused Blunt - Tres Leches,Blunts,Cake Floor: 2,25,30
Infused Blunt - True OG,Blunts,Cake Floor: 1,25,30
PACKARILLOS AREA 51 3PK 2.25G,Blunts,Cake Floor: 8,45,50
PACKARILLOS MAC N CHEESE 3PK 2.25G,Blunts,Cake Floor: 9,45,50
1 Gram Cannabis Oil Cartridge | Baja Blast-Off (H) - 1.00 gram,Cartridges,Cake Floor: 4,10,12
1 Gram Cannabis Oil Cartridge | Black Cherry Seltzer (I) - 1.00 gram,Cartridges,Cake Floor: 5,10,12
1 Gram Cannabis Oil Cartridge | Black Cherry Seltzer (I) - 1.00 gram,Cartridges,Cake Floor: 2,10,12
1 Gram Cannabis Oil Cartridge | Grande Daddy Purple (I) - 1.00 gram,Cartridges,Cake Floor: 4,10,12
1 Gram Cannabis Oil Cartridge | Grande Daddy Purple (I) - 1.00 gram,Cartridges,Cake Floor: 1,10,12
1 Gram Cannabis Oil Cartridge | Key Lime Pie (S) - 1.00 gram,Cartridges,Cake Floor: 1,10,12
1 Gram Cannabis Oil Cartridge | Key Lime Pie (S) - 1.00 gram,Cartridges,Cake Floor: 7,10,12
1 Gram Cannabis Oil Cartridge | Pineapple Paradise (S) - 1.00 gram,Cartridges,Cake Floor: 3,10,12
1 Gram Cannabis Oil Cartridge | White Grape (I) - 1.00 gram,Cartridges,Cake Floor: 2,10,12
1 Gram Cannabis Oil Cartridge | White Grape (I) - 1.00 gram,Cartridges,Cake Floor: 3,10,12
1 Gram Cannabis Oil Cartridge | White Grape (I) - 1.00 gram,Cartridges,Cake Floor: 8,10,12
1G Cart Lmn. Ch. Gelato - 0.50 grams,Cartridges,Cake Floor: 4,12,15
1G Cart Lmn. Ch. Gelato - 0.50 grams,Cartridges,Cake Floor: 1,12,15
1G Cart Mango Haze - 0.50 grams,Cartridges,Cake Floor: 7,12,15
1G Cart Mango Haze - 0.50 grams,Cartridges,Cake Floor: 1,12,15
1G Cart Midnight Berry - 0.50 grams,Cartridges,Cake Floor: 7,12,15
1G Cart Midnight Berry - 0.50 grams,Cartridges,Cake Floor: 6,12,15
1G Cart Midnight Berry - 0.50 grams,Cartridges,Cake Floor: 6,12,15
1G Cart Midnight Berry - 0.50 grams,Cartridges,Cake Floor: 1,12,15
1G Cart Peach Rings - 0.50 grams,Cartridges,Cake Floor: 8,12,15
1G Cart Peach Rings - 0.50 grams,Cartridges,Cake Floor: 6,12,15
1G Cart Watermelon Ice - 0.50 grams,Cartridges,Cake Floor: 9,12,15
1G Cart Watermelon Ice - 0.50 grams,Cartridges,Cake Floor: 4,12,15
1G Cart Watermelon Ice - 0.50 grams,Cartridges,Cake Floor: 5,12,15
1G Tank - SL - Banana Punch - 0.50 grams,Cartridges,Cake Floor: 3,20,25
1G Tank - SL - Berry White - 0.50 grams,Cartridges,Cake Floor: 2,20,25
1G Tank - SL - Berry White - 0.50 grams,Cartridges,Cake Floor: 3,20,25
1G Tank - SL - Blackberry OG - 0.50 grams,Cartridges,Cake Floor: 1,20,25
1G Tank - SL - Forbidden Apple - 0.50 grams,Cartridges,Cake Floor: 2,20,25
1G Tank - SL - Forbidden Apple - 0.50 grams,Cartridges,Cake Floor: 2,20,25
1G Tank - SL - Forbidden Apple - 0.50 grams,Cartridges,Cake Floor: 1,20,25
1G Tank - SL - Key Lime Pie - 0.50 grams,Cartridges,Cake Floor: 2,20,25
1G Tank - SL - Key Lime Pie - 0.50 grams,Cartridges,Cake Floor: 2,20,25
1G Tank - SL - Key Lime Pie - 0.50 grams,Cartridges,Cake Floor: 3,20,25
1G Tank - SL - Peach Kush - 0.50 grams,Cartridges,Cake Floor: 3,20,25
1G Tank - SL - Peach Kush - 0.50 grams,Cartridges,Cake Floor: 2,20,25
1G Tank - SL - Pink Rose' - 0.50 grams,Cartridges,Cake Floor: 1,20,25
1G Tank - SL - Royal Pear - 0.50 grams,Cartridges,Cake Floor: 1,20,25
1G Tank - SL - Tropical Kiwi - 0.50 grams,Cartridges,Cake Floor: 1,20,25
1g - 510 Thread - Apple Crisps (H) - 1.00 gram,Cartridges,Cake Floor: 5,8,10
1g - 510 Thread - Apple Crisps (H) - 1.00 gram,Cartridges,Cake Floor: 5,8,10
1g - 510 Thread - Black Cherry Gushers (H) - 1.00 gram,Cartridges,Cake Floor: 5,8,10
1g - 510 Thread - Black Cherry Gushers (H) - 1.00 gram,Cartridges,Cake Floor: 4,8,10
1g - 510 Thread - Blackberry (I) - 1.00 gram,Cartridges,Cake Floor: 5,8,10
1g - 510 Thread - Blackberry (I) - 1.00 gram,Cartridges,Cake Floor: 5,8,10
1g - 510 Thread - Caribbean Pineapple (S) - 1.00 gram,Cartridges,Cake Floor: 5,8,10
1g - 510 Thread - Caribbean Pineapple (S) - 1.00 gram,Cartridges,Cake Floor: 3,8,10
1g - 510 Thread - Cool Breeze (S) - 1.00 gram,Cartridges,Cake Floor: 4,8,10
1g - 510 Thread - Cool Breeze (S) - 1.00 gram,Cartridges,Cake Floor: 4,8,10
1g - 510 Thread - Dreamsicle (S) - 1.00 gram,Cartridges,Cake Floor: 4,8,10
1g - 510 Thread - Dreamsicle (S) - 1.00 gram,Cartridges,Cake Floor: 5,8,10
1g - 510 Thread - Gelato 41 (I) - 1.00 gram,Cartridges,Cake Floor: 5,8,10
1g - 510 Thread - Gelato 41 (I) - 1.00 gram,Cartridges,Cake Floor: 5,8,10
1g - 510 Thread - Glazed Donut (H) - 1.00 gram,Cartridges,Cake Floor: 5,8,10
1g - 510 Thread - Glazed Donut (H) - 1.00 gram,Cartridges,Cake Floor: 5,8,10
1g - 510 Thread - Guava Lava (I) - 1.00 gram,Cartridges,Cake Floor: 5,8,10
1g - 510 Thread - Guava Lava (I) - 1.00 gram,Cartridges,Cake Floor: 4,8,10
1g - 510 Thread - Juicy Berry (I) - 1.00 gram,Cartridges,Cake Floor: 5,8,10
1g - 510 Thread - Juicy Berry (I) - 1.00 gram,Cartridges,Cake Floor: 5,8,10
1g - 510 Thread - Lemon Haze (S) - 1.00 gram,Cartridges,Cake Floor: 5,8,10
1g - 510 Thread - Lemon Haze (S) - 1.00 gram,Cartridges,Cake Floor: 4,8,10
1g - 510 Thread - Mac and Cream (H) - 1.00 gram,Cartridges,Cake Floor: 5,8,10
1g - 510 Thread - Mac and Cream (H) - 1.00 gram,Cartridges,Cake Floor: 5,8,10
1g - 510 Thread - Rainbow Runtz (H) - 1.00 gram,Cartridges,Cake Floor: 5,8,10
1g - 510 Thread - Rainbow Runtz (H) - 1.00 gram,Cartridges,Cake Floor: 4,8,10
1g - 510 Thread - Sparkling Strawberry (S) - 1.00 gram,Cartridges,Cake Floor: 5,8,10
1g - 510 Thread - Sparkling Strawberry (S) - 1.00 gram,Cartridges,Cake Floor: 3,8,10
1g - 510 Thread - Strawberry Gary (H) - 1.00 gram,Cartridges,Cake Floor: 3,8,10
1g - 510 Thread - Strawberry Gary (H) - 1.00 gram,Cartridges,Cake Floor: 5,8,10
1g - 510 Thread - Supreme Oreoz (I) - 1.00 gram,Cartridges,Cake Floor: 5,8,10
1g - 510 Thread - Supreme Oreoz (I) - 1.00 gram,Cartridges,Cake Floor: 5,8,10
1g - 510 Thread - Tart Apricot (S) - 1.00 gram,Cartridges,Cake Floor: 5,8,10
1g - 510 Thread - Tart Apricot (S) - 1.00 gram,Cartridges,Cake Floor: 4,8,10
1g - 510 Thread - Watermelon Zkittles (I) - 1.00 gram,Cartridges,Cake Floor: 5,8,10
1g BH Cart- Birthday Cake - 1.00 gram,Cartridges,Cake Floor: 6,12,15
1g BH Cart-Cookies n Cream - 1.00 gram,Cartridges,Cake Floor: 7,12,15
1g BH Cart-Tropicana Cookies - 1.00 gram,Cartridges,Cake Floor: 3,12,15
1g cart ACDC  (Hybrid) - 1.00 gram,Cartridges,Cake Floor: 43,10,12
1g cart Blueberry Ak (Hybrid) - 1.00 gram,Cartridges,Cake Floor: 42,10,12
1g cart Bubble gum og (indica) - 1.00 gram,Cartridges,Cake Floor: 48,10,12
1g cart Guava (sativa) - 1.00 gram,Cartridges,Cake Floor: 29,10,12
1g cart Tsunami (indica) - 1.00 gram,Cartridges,Cake Floor: 49,10,12
1g cart trainwreck (Hybrid) - 1.00 gram,Cartridges,Cake Floor: 40,10,12
2G Aeroponic Cannabis Oil Cartridge | Gelato (I) - 2.00 grams,Cartridges,Cake Floor: 7,20,25
2G Aeroponic Cannabis Oil Cartridge | Gelato (I) - 2.00 grams,Cartridges,Cake Floor: 5,20,25
2G Aeroponic Cannabis Oil Cartridge | Gelato (I) - 2.00 grams,Cartridges,Cake Floor: 14,20,25
2G Aeroponic Cannabis Oil Cartridge | Grand Daddy Purple (I) - 2.00 grams,Cartridges,Cake Floor: 9,20,25
2G Aeroponic Cannabis Oil Cartridge | Jack Herer (S) - 2.00 grams,Cartridges,Cake Floor: 7,20,25
2G Aeroponic Cannabis Oil Cartridge | Jack Herer (S) - 2.00 grams,Cartridges,Cake Floor: 7,20,25
2G Fruity Cart | Blueberry Cookies (I) - 2.00 grams,Cartridges,Cake Floor: 4,20,25
2G Fruity Cart | Blueberry Cookies (I) - 2.00 grams,Cartridges,Cake Floor: 10,20,25
2G Fruity Carts | Mango Sunrise Kush (S) - 2.00 grams,Cartridges,Cake Floor: 10,20,25
2G Fruity Carts | Pineapple Express (S) - 2.00 grams,Cartridges,Cake Floor: 6,20,25
2G Fruity Carts | Strawberry Kiwi (S) - 2.00 grams,Cartridges,Cake Floor: 10,20,25
2G Fruity Carts | Sweet N Tart (S) - 2.00 grams,Cartridges,Cake Floor: 2,20,25
2G Fruity Carts | Sweet N Tart (S) - 2.00 grams,Cartridges,Cake Floor: 1,20,25
2G Fruity Carts | White Grape (I) - 2.00 grams,Cartridges,Cake Floor: 2,20,25
2G Fruity Carts | White Grape (I) - 2.00 grams,Cartridges,Cake Floor: 6,20,25
510 BACIO GELATO 1G CART *LIMITED* - 1.00 gram,Cartridges,Cake Floor: 6,12,15
510 BERRY GELATO 1G CART - 1.00 gram,Cartridges,Cake Floor: 6,12,15
510 MAUI WOWIE 1G CART - 1.00 gram,Cartridges,Cake Floor: 11,12,15
510 PINEAPPLE HAZE 1G CART - 1.00 gram,Cartridges,Cake Floor: 2,12,15
510 STRAWBERRY COUGH 1G CART - 1.00 gram,Cartridges,Cake Floor: 1,12,15
Animal Cookies - Natural Terpene Pod 1g - Indica - 0.50 grams,Cartridges,Cake Floor: 1,16,20
Animal Cookies - Natural Terpene Pod 1g - Indica - 0.50 grams,Cartridges,Cake Floor: 4,16,20
Carbon Fiber - Live Resin Pod 1g - Hybrid - 1.00 gram,Cartridges,Cake Floor: 4,25,30
Carbon Fiber - Live Resin Pod 1g - Hybrid - 1.00 gram,Cartridges,Cake Floor: 2,25,30
Grape Goddess - Natural Terpene Pod 1g - Hybrid - 0.50 grams,Cartridges,Cake Floor: 1,16,20
Hawaiian Reign - Natural Terpene Pod 1g - Hybrid - 0.50 grams,Cartridges,Cake Floor: 2,16,20
Horchata - Natural Terpene Pod 1g - Hybrid - 0.50 grams,Cartridges,Cake Floor: 1,16,20
Horchata - Natural Terpene Pod 1g - Hybrid - 0.50 grams,Cartridges,Cake Floor: 4,16,20
Las Frescas 510 - Blueberry Empanada (I) - 1.00 gram,Cartridges,Cake Floor: 1,12,15
Las Frescas 510 - Blueberry Empanada (I) - 1.00 gram,Cartridges,Cake Floor: 6,12,15
Las Frescas 510 - Blueberry Empanada (I) - 1.00 gram,Cartridges,Cake Floor: 9,12,15
Las Frescas 510 - Blueberry Empanada (I) - 1.00 gram,Cartridges,Cake Floor: 4,12,15
Las Frescas 510 - Gushaz (I) - 1.00 gram - 1.00 gram,Cartridges,Cake Floor: 1,12,15
Las Frescas 510 - Gushaz (I) - 1.00 gram - 1.00 gram,Cartridges,Cake Floor: 4,12,15
Las Frescas 510 - Horchata (I) - 1.00 gram,Cartridges,Cake Floor: 4,12,15
Las Frescas 510 - Horchata (I) - 1.00 gram,Cartridges,Cake Floor: 7,12,15
Las Frescas 510 - Horchata (I) - 1.00 gram,Cartridges,Cake Floor: 7,12,15
Las Frescas 510 - Pink Runtz (I) - 1.00 gram - 1.00 gram,Cartridges,Cake Floor: 2,12,15
Las Frescas 510 - Pink Runtz (I) - 1.00 gram - 1.00 gram,Cartridges,Cake Floor: 1,12,15
Las Frescas 510 - Pink Runtz (I) - 1.00 gram - 1.00 gram,Cartridges,Cake Floor: 4,12,15
Mimosa - Natural Terpene Pod 1g - Hybrid - 0.50 grams,Cartridges,Cake Floor: 2,16,20
Mimosa - Natural Terpene Pod 1g - Hybrid - 0.50 grams,Cartridges,Cake Floor: 5,16,20
OOZEx - Forbidden Fruit - 1g 510 Vape - 1.00 gram,Cartridges,Cake Floor: 2,15,18
OOZEx - Forbidden Fruit - 1g 510 Vape - 1.00 gram,Cartridges,Cake Floor: 6,15,18
OOZEx - Forbidden Fruit - 1g 510 Vape - 1.00 gram,Cartridges,Cake Floor: 2,15,18
OOZEx - Forbidden Fruit - 1g 510 Vape - 1.00 gram,Cartridges,Cake Floor: 5,15,18
OOZEx - Ice Cream Cake - 1g 510 Vape - 1.00 gram,Cartridges,Cake Floor: 7,15,18
OOZEx - Ice Cream Cake - 1g 510 Vape - 1.00 gram,Cartridges,Cake Floor: 5,15,18
OOZEx - Ice Cream Cake - 1g 510 Vape - 1.00 gram,Cartridges,Cake Floor: 2,15,18
OOZEx - Ice Cream Cake - 1g 510 Vape - 1.00 gram,Cartridges,Cake Floor: 8,15,18
OOZEx - Super Lemon Haze - 1g 510 Vape - 1.00 gram,Cartridges,Cake Floor: 1,15,18
OOZEx - White Truffle - 1g 510 Vape - 1.00 gram,Cartridges,Cake Floor: 8,15,18
OOZEx - White Truffle - 1g 510 Vape - 1.00 gram,Cartridges,Cake Floor: 2,15,18
OOZEx - White Truffle - 1g 510 Vape - 1.00 gram,Cartridges,Cake Floor: 4,15,18
Peanut Butter Kush - Natural Terpene Pod 1g - Indica - 0.50 grams,Cartridges,Cake Floor: 5,16,20
Peanut Butter Kush - Natural Terpene Pod 1g - Indica - 0.50 grams,Cartridges,Cake Floor: 2,16,20
Permanent Marker - Live Resin Pod 1g  - Hybrid - 1.00 gram,Cartridges,Cake Floor: 4,25,30
Permanent Marker - Live Resin Pod 1g  - Hybrid - 1.00 gram,Cartridges,Cake Floor: 1,25,30
QT Kush - Natural Terpene Pod 1g - Hybrid - 0.50 grams,Cartridges,Cake Floor: 3,16,20
QT Kush - Natural Terpene Pod 1g - Hybrid - 0.50 grams,Cartridges,Cake Floor: 1,16,20
Rainbow Belts - Live Resin Pod 1g - Hybrid - 1.00 gram,Cartridges,Cake Floor: 2,25,30
Tangie - Natural Terpene Pod 1g - Sativa - 0.50 grams,Cartridges,Cake Floor: 1,16,20
Urb - Flight Fuel 505 - Black Cherry Fizz - 1.50 grams,Cartridges,Cake Floor: 4,25,30
Urb - Flight Fuel 505 - Blue Watermelon - 1.50 grams,Cartridges,Cake Floor: 5,25,30
Urb - Flight Fuel 505 - London Pound Cake - 1.50 grams,Cartridges,Cake Floor: 5,25,30
Urb - Flight Fuel 505 - Sour Blueberry - 1.50 grams,Cartridges,Cake Floor: 4,25,30
Urb - Flight Fuel 505 - Sour Blueberry - 1.50 grams,Cartridges,Cake Floor: 1,25,30
Urb - Flight Fuel 505 - Strawberry Kiwi - 1.50 grams,Cartridges,Cake Floor: 5,25,30
Urb - Flight Fuel 505 - Strawberry Kush - 1.50 grams,Cartridges,Cake Floor: 5,25,30
Urb - Flight Fuel 505 - Tigers Blood - 1.50 grams,Cartridges,Cake Floor: 5,25,30
1g - Concentrates - Gas Breath (I) - 1.00 gram,Concentrates,Cake Floor: 1,8,10
1g - Concentrates - Gas Breath (I) - 1.00 gram,Concentrates,Cake Floor: 1,8,10
1g - Concentrates - Peach Uprise (S) - 1.00 gram,Concentrates,Cake Floor: 2,8,10
1g - Concentrates - Pop Rocks (S) - 1.00 gram,Concentrates,Cake Floor: 1,8,10
2g - Concentrates - Candy Gaz (I) - 2.00 grams,Concentrates,Cake Floor: 5,15,18
2g - Concentrates - Candy Gaz (I) - 2.00 grams,Concentrates,Cake Floor: 5,15,18
2g - Concentrates - Candy Gaz (I) - 2.00 grams,Concentrates,Cake Floor: 1,15,18
2g - Concentrates - Candy Gaz (I) - 2.00 grams,Concentrates,Cake Floor: 1,15,18
2g - Concentrates - Gelato X Zookies (H) - 2.00 grams,Concentrates,Cake Floor: 1,15,18
2g - Concentrates - Gelato X Zookies (H) - 2.00 grams,Concentrates,Cake Floor: 4,15,18
2g - Concentrates - Iced Sangria (H) - 2.00 grams,Concentrates,Cake Floor: 1,15,18
2g - Concentrates - Iced Sangria (H) - 2.00 grams,Concentrates,Cake Floor: 2,15,18
2g - Concentrates - Iced Sangria (H) - 2.00 grams,Concentrates,Cake Floor: 1,15,18
2g - Concentrates - Iced Sangria (H) - 2.00 grams,Concentrates,Cake Floor: 5,15,18
2g - Concentrates - Runtz N Roses (S/H) - 2.00 grams,Concentrates,Cake Floor: 2,15,18
2g - Concentrates - Runtz N Roses (S/H) - 2.00 grams,Concentrates,Cake Floor: 1,15,18
2g - Concentrates - Strawberry Pop Rocks (I) - 2.00 grams,Concentrates,Cake Floor: 3,15,18
2g - Concentrates - Strawberry Pop Rocks (I) - 2.00 grams,Concentrates,Cake Floor: 2,15,18
2g - Concentrates - Strawberry Pop Rocks (I) - 2.00 grams,Concentrates,Cake Floor: 2,15,18
2g - Concentrates - Strawberry Pop Rocks (I) - 2.00 grams,Concentrates,Cake Floor: 1,15,18
2g - Concentrates - Think Tank (H) - 2.00 grams,Concentrates,Cake Floor: 2,15,18
2g - Concentrates - Think Tank (H) - 2.00 grams,Concentrates,Cake Floor: 1,15,18
2g - Concentrates - Think Tank (H) - 2.00 grams,Concentrates,Cake Floor: 4,15,18
2g - Concentrates - Wedding Cake (I) - 2.00 grams,Concentrates,Cake Floor: 1,15,18
2g - Concentrates - Wedding Cake (I) - 2.00 grams,Concentrates,Cake Floor: 2,15,18
ANNIVERSARY CAKE DIAMONDS - 1.00 gram,Concentrates,Cake Floor: 8,18,22
BLACK GARLIC ROSIN - 1.00 gram,Concentrates,Cake Floor: 3,45,50
CANNALOPE CRAZE LIVE RESIN - 1.00 gram,Concentrates,Cake Floor: 1,15,18
D2D | Concentrates | Badder | 1pk | Durban Poison (SDH) | 1.0g - 1.00 gram,Concentrates,Cake Floor: 13,12,15
D2D | Concentrates | Badder | 1pk | Permanent Marker (HYB) | 1.0g - 1.00 gram,Concentrates,Cake Floor: 15,12,15
D2D | Concentrates | Sugar Wax | 1pk | Chemdawg (IDH) | 1.0g - 1.00 gram,Concentrates,Cake Floor: 20,12,15
Elevated - Cured Resin - Dab - 4g - Acai Gelato (S) - 4.00 grams,Concentrates,Cake Floor: 7,30,35
Elevated - Cured Resin - Dab - 4g - Chimera (I) - 4.00 grams,Concentrates,Cake Floor: 13,30,35
Elevated - Cured Resin - Dab - 4g - Gream (H) - 4.00 grams,Concentrates,Cake Floor: 2,30,35
Elevated - Cured Resin - Dab - 4g - Hella Jelly (S) - 4.00 grams,Concentrates,Cake Floor: 15,30,35
Elevated - Cured Resin - Dab - 4g - Jenny Kush (S) - 4.00 grams,Concentrates,Cake Floor: 9,30,35
Elevated - Cured Resin - Dab - 4g - Jungle Juice (H) - 4.00 grams,Concentrates,Cake Floor: 15,30,35
Elevated - Cured Resin - Dab - 4g - Peyton Manning (S) - 4.00 grams,Concentrates,Cake Floor: 15,30,35
Elevated - Cured Resin - Dab - 4g - Sherbacio (H) - 4.00 grams,Concentrates,Cake Floor: 19,30,35
Elevated - Cured Resin - Dab - 4g - Watermelon N' Laterz - 4.00 grams,Concentrates,Cake Floor: 10,30,35
Elevated - Cured Resin - Dab - Baby Yoda (I) - 1.00 gram,Concentrates,Cake Floor: 15,8,10
Elevated - Cured Resin - Dab - Black Cherry Gelato (I) - 1.00 gram,Concentrates,Cake Floor: 7,8,10
Elevated - Cured Resin - Dab - Chernobyl (S) - 1.00 gram,Concentrates,Cake Floor: 3,8,10
Elevated - Cured Resin - Dab - Dip N' Styx (S) - 1.00 gram,Concentrates,Cake Floor: 1,8,10
Elevated - Cured Resin - Dab - Gelato 41 (H) - 1.00 gram,Concentrates,Cake Floor: 1,8,10
Elevated - Cured Resin - Dab - Head Hunter (H) - 1.00 gram,Concentrates,Cake Floor: 2,8,10
GARLIC COCKTAIL ROSIN - 1.00 gram,Concentrates,Cake Floor: 3,45,50
GMO ROSIN - 1.00 gram,Concentrates,Cake Floor: 2,45,50
GRAPE MOUNTAIN ROSIN - 1.00 gram,Concentrates,Cake Floor: 3,45,50
GREASE MONKEY X GOVERMINT OASIS - 1.00 gram,Concentrates,Cake Floor: 1,45,50
PINEAPPLE PARADISE LIVE RESIN - 1.00 gram,Concentrates,Cake Floor: 9,18,22
SECTION A DIAMOND - 1.00 gram,Concentrates,Cake Floor: 2,18,22
SECTION A DIAMOND - 1.00 gram,Concentrates,Cake Floor: 5,18,22
SOUR DIESIL ROSIN - 1.00 gram,Concentrates,Cake Floor: 2,45,50
TROP KUSH - 1.00 gram,Concentrates,Cake Floor: 3,45,50
WEDDING CAKE ROSIN - 1.00 gram,Concentrates,Cake Floor: 3,45,50
YELLOW ZUSHI ROSIN - 1.00 gram,Concentrates,Cake Floor: 2,45,50
apples and bananas live resin - 1.00 gram,Concentrates,Cake Floor: 2,15,18
1g dispo Guava  (sativa) - 1.00 gram,Disposables,Cake Floor: 1,15,18
1g dispo Trainwreck  (sativa) - 1.00 gram,Disposables,Cake Floor: 9,15,18
1g dispo Tsunami (Indica) - 1.00 gram,Disposables,Cake Floor: 30,15,18
1g dispo acdc (hybrid) - 1.00 gram,Disposables,Cake Floor: 3,15,18
2G DUAL FUSION All In One | The Voyager | Cherry Limeade - 2.00 grams,Disposables,Cake Floor: 5,30,35
2G DUAL FUSION All In One | The Voyager | Jack Herer (S) - 2.00 grams,Disposables,Cake Floor: 9,30,35
2G DUAL FUSION All In One | The Voyager | Key Lime Pie - 2.00 grams,Disposables,Cake Floor: 8,30,35
2G DUAL FUSION All In One | The Voyager | Lemon Cherry Gelato - 2.00 grams,Disposables,Cake Floor: 10,30,35
2G DUAL FUSION All In One | The Voyager | Lemon Cherry Gelato - 2.00 grams,Disposables,Cake Floor: 4,30,35
2G DUAL FUSION All In One | The Voyager | Orange Cream Dream (S) - 2.00 grams,Disposables,Cake Floor: 10,30,35
2G DUAL FUSION All In One | The Voyager | Peach Rings (I) - 2.00 grams,Disposables,Cake Floor: 7,30,35
2G DUAL FUSION All In One | The Voyager | Peach Rings (I) - 2.00 grams,Disposables,Cake Floor: 3,30,35
2G DUAL FUSION All In One | The Voyager | Pink Lemonade (S) *CHARITY DONATION PRICING - 2.00 grams,Disposables,Cake Floor: 9,30,35
2G DUAL FUSION All In One | The Voyager | Strawberry Kiwi (S) - 2.00 grams,Disposables,Cake Floor: 4,30,35
2G DUAL FUSION All In One | The Voyager | Watermelon Splash (S) - 2.00 grams,Disposables,Cake Floor: 8,30,35
2g DUAL FUSION All In One | The Voyager | Blueberry Cookies | (I) - 2.00 grams,Disposables,Cake Floor: 2,30,35
2g DUAL FUSION All In One | The Voyager | Blueberry Cookies | (I) - 2.00 grams,Disposables,Cake Floor: 9,30,35
BL - Lemon Pound Cake (H) 2G AIO - 1.50 grams,Disposables,Cake Floor: 3,50,55
BL - Mint OG (I) 2G AIO - 1.50 grams,Disposables,Cake Floor: 6,50,55
BL - Mowie Wowie (S) 2G AIO - 1.50 grams,Disposables,Cake Floor: 1,50,55
Black Mamba - AIO 2g - Indica - 1.50 grams,Disposables,Cake Floor: 1,25,30
D2D | Concentrates | Sugar Wax | 1pk | Subzero Cherry Bomb | 1.0g - 1.00 gram,Disposables,Cake Floor: 7,18,22
D2D | Vaporizer | Budder Stix 1.0g | 1pk | Lemon Fresh (HYB) | 1ml - 1.00 gram,Disposables,Cake Floor: 7,18,22
D2D | Vaporizer | Budder Stix 1.0g | 1pk | Solar Power (HYB) | 1ml - 1.00 gram,Disposables,Cake Floor: 11,18,22
D2D | Vaporizer | Sugar Stix 1.0g | 1pk | Lemon Skunk (HYB) | 1ml - 1.00 gram,Disposables,Cake Floor: 4,18,22
D2D | Vaporizer | Sugar Stix 1.0g | 1pk | Space Ape (IDH) | 1ml - 1.00 gram,Disposables,Cake Floor: 10,18,22
DROOL 9LB HAMMER 2G AIO - 2.00 grams,Disposables,Cake Floor: 1,40,45
DROOL BISCOTTI 2G AIO - 2.00 grams,Disposables,Cake Floor: 4,40,45
DROOL DIAMOND ATF 1G AIO - 1.00 gram,Disposables,Cake Floor: 8,25,30
DROOL DIAMOND BLUE RASPBERRY BREATH 1G AIO - 1.00 gram,Disposables,Cake Floor: 8,25,30
DROOL DIAMOND LOE GAS 1G AIO - 1.00 gram,Disposables,Cake Floor: 9,25,30
DROOL DIAMOND LOE GAS 1G AIO - 1.00 gram,Disposables,Cake Floor: 1,25,30
DROOL DIAMOND ORANGE PINEAPPLE EXPRESS 1G AIO - 1.00 gram,Disposables,Cake Floor: 8,25,30
DROOL DIAMOND PERMANENT MARKER 1G AIO - 1.00 gram,Disposables,Cake Floor: 10,25,30
DROOL DIAMOND PERMANENT MARKER 1G AIO - 1.00 gram,Disposables,Cake Floor: 4,25,30
DROOL DIAMOND TAHOE O.G. 1G AIO - 1.00 gram,Disposables,Cake Floor: 10,25,30
DROOL KING LOUIS XIII 2G AIO - 2.00 grams,Disposables,Cake Floor: 4,40,45
GMO - AIO 2g - Indica - 1.50 grams,Disposables,Cake Floor: 3,25,30
LR - Dime OG (I) 1G AIO - 1.00 gram,Disposables,Cake Floor: 5,35,40
LR - Grape Limeade (H) 1G AIO - 0.50 grams,Disposables,Cake Floor: 1,35,40
LR - Grape Limeade (H) 1G AIO - 1.00 gram,Disposables,Cake Floor: 3,35,40
LR - Grape Limeade (H) 1G AIO - 1.00 gram,Disposables,Cake Floor: 5,35,40
LR - King Louis Xiii (I) 1g AIO Vape - 0.50 grams,Disposables,Cake Floor: 4,35,40
LR - Kush Mints (I) 1g AIO Vape - 1.00 gram,Disposables,Cake Floor: 4,35,40
LR - Kush Mints (I) 1g AIO Vape - 1.00 gram,Disposables,Cake Floor: 2,35,40
LR - Papaya (H) 1g AIO Vape - 1.00 gram,Disposables,Cake Floor: 3,35,40
Las Frescas - Blue Razz - 1.00 gram - 1.00 gram,Disposables,Cake Floor: 1,16,20
Las Frescas - Bubble Gum - 1.00 gram - 1.00 gram,Disposables,Cake Floor: 7,16,20
Las Frescas - Fresa Con Crema - 1.00 gram - 1.00 gram,Disposables,Cake Floor: 10,16,20
Las Frescas - Horchata - 1.00 gram - 1.00 gram,Disposables,Cake Floor: 10,16,20
Las Frescas - Limonada de Fresa - 1.00 gram - 1.00 gram,Disposables,Cake Floor: 2,16,20
Las Frescas - Sandia OG - 1.00 gram - 1.00 gram,Disposables,Cake Floor: 9,16,20
Las Frescas - Sangria - 1.00 gram - 1.00 gram,Disposables,Cake Floor: 4,16,20
Ocean Spray - AIO 2g - Hybrid - 1.50 grams,Disposables,Cake Floor: 1,25,30
Paletas - Cereza - Disposable Vape (I) - 0.50 grams,Disposables,Cake Floor: 2,21,25
Paletas - Cereza - Disposable Vape (I) - 0.50 grams,Disposables,Cake Floor: 10,21,25
Paletas - Chicle - Disposable Vape (H) - 0.50 grams,Disposables,Cake Floor: 9,21,25
Paletas - Fresas Con Crema - Disposable Vape (H) - 0.50 grams,Disposables,Cake Floor: 9,21,25
Paletas - Horchata - Disposable Vape (H) - 0.50 grams,Disposables,Cake Floor: 9,21,25
Paletas - Limon - Disposable Vape (S) - 0.50 grams,Disposables,Cake Floor: 5,21,25
Paletas - Mangonada - Disposable Vape (I) - 0.50 grams,Disposables,Cake Floor: 8,21,25
Paletas - Pepino - Disposable Vape (S) - 0.50 grams,Disposables,Cake Floor: 7,21,25
Paletas - Pina Colada - Disposable Vape (S) - 0.50 grams,Disposables,Cake Floor: 1,21,25
Paletas - Sandia - Disposable Vape (H) - 0.50 grams,Disposables,Cake Floor: 4,21,25
Paletas - Zazamora - Disposable Vape - 0.50 grams,Disposables,Cake Floor: 10,21,25
Papaya - AIO 2g - Indica - 1.50 grams,Disposables,Cake Floor: 1,25,30
Papaya - AIO 2g - Indica - 1.50 grams,Disposables,Cake Floor: 4,25,30
SL - Berry White (I) 2g AIO - 1.50 grams,Disposables,Cake Floor: 1,40,50
SL - Berry White (I) 2g AIO - 1.50 grams,Disposables,Cake Floor: 5,40,50
SL - Blackberry OG (I) 2G AIO - 1.50 grams,Disposables,Cake Floor: 1,40,50
SL - Blackberry OG (I) 2G AIO - 1.50 grams,Disposables,Cake Floor: 3,40,50
SL - Blueberry Lemon Haze (S) 2g AIO - 1.50 grams,Disposables,Cake Floor: 4,40,50
SL - Cantaloupe Dream (S) 2g AIO - 1.50 grams,Disposables,Cake Floor: 2,40,50
SL - Forbidden Apple (I) 2g AIO - 1.50 grams,Disposables,Cake Floor: 4,40,50
SL - Forbidden Apple (I) 2g AIO - 1.50 grams,Disposables,Cake Floor: 2,40,50
SL - Guavalicious (S) 2g AIO - 1.50 grams,Disposables,Cake Floor: 3,40,50
SL - Key Lime Pie (I) 2G AIO - 1.50 grams,Disposables,Cake Floor: 2,40,50
SL - Key Lime Pie (I) 2G AIO - 1.50 grams,Disposables,Cake Floor: 6,40,50
SL - Key Lime Pie (I) 2G AIO - 1.50 grams,Disposables,Cake Floor: 3,40,50
SL - Mango Diesel - 2G AIO - 1.50 grams,Disposables,Cake Floor: 3,40,50
SL - Peach Ice-T (H) 2g AIO - 1.50 grams,Disposables,Cake Floor: 2,40,50
SL - Pink Lemon Haze (H) 2g AIO - 1.50 grams,Disposables,Cake Floor: 3,40,50
SL - Pink Rose' (H) 2g AIO - 1.50 grams,Disposables,Cake Floor: 3,40,50
SL - Red Plum (I) 2g AIO - 1.50 grams,Disposables,Cake Floor: 3,40,50
SL - Strawberry Cough (S) 2g AIO - 1.50 grams,Disposables,Cake Floor: 2,40,50
SL - Tropical Kiwi (H) 2g AIO - 1.50 grams,Disposables,Cake Floor: 5,40,50
SL - Watermelon Kush (H) 2g AIO - 1.50 grams,Disposables,Cake Floor: 1,40,50
SL - Wedding Cake (H) 2g AIO - 1.50 grams,Disposables,Cake Floor: 3,40,50
Slurricane - AIO 2g - Hybrid - 1.50 grams,Disposables,Cake Floor: 2,25,30
Strawberry Shortcake - AIO 2g - Indica - 1.50 grams,Disposables,Cake Floor: 1,25,30
Urb - 1.5g AIO - Black Cherry Fizz - 1.00 gram,Disposables,Cake Floor: 5,30,35
Urb - 1.5g AIO - Blueberry Cookies - 1.00 gram,Disposables,Cake Floor: 1,30,35
Urb - 1.5g AIO - Blueberry Cookies - 1.00 gram,Disposables,Cake Floor: 5,30,35
Urb - 1.5g AIO - Caribbean Breeze - 1.00 gram,Disposables,Cake Floor: 1,30,35
Urb - 1.5g AIO - Caribbean Breeze - 1.00 gram,Disposables,Cake Floor: 4,30,35
Urb - 1.5g AIO - Churroz - 1.00 gram,Disposables,Cake Floor: 4,30,35
Urb - 1.5g AIO - Dole Whip - 1.00 gram,Disposables,Cake Floor: 6,30,35
Urb - 1.5g AIO - Dole Whip - 1.00 gram,Disposables,Cake Floor: 1,30,35
Urb - 1.5g AIO - Dole Whip - 1.00 gram,Disposables,Cake Floor: 6,30,35
Urb - 1.5g AIO - NYC Diesel - 1.00 gram,Disposables,Cake Floor: 3,30,35
Urb - 1.5g AIO - Peach Mango Melons - 1.00 gram,Disposables,Cake Floor: 1,30,35
Urb - 1.5g AIO - Peach Mango Melons - 1.00 gram,Disposables,Cake Floor: 5,30,35
Urb - 1.5g AIO - Peach Mango Melons - 1.00 gram,Disposables,Cake Floor: 2,30,35
Urb - 1.5g AIO - Sugar Cookie - 1.00 gram,Disposables,Cake Floor: 5,30,35
Urb - 1g Aerodab - Baby Yoda (IH) (LIVE RESIN) - 1.00 gram,Disposables,Cake Floor: 5,45,50
Urb - 1g Aerodab - Blueberry Cupcake (RESIN) - 1.00 gram,Disposables,Cake Floor: 2,45,50
Urb - 1g Aerodab - Cap Junkie(H)(ROSIN) - 1.00 gram,Disposables,Cake Floor: 5,55,60
Urb - 1g Aerodab - Carbon Fiber (IH) (RESIN) - 1.00 gram,Disposables,Cake Floor: 4,45,50
Urb - 1g Aerodab - Double Solo Burger (I)(RESIN) - 1.00 gram,Disposables,Cake Floor: 4,45,50
Urb - 1g Aerodab - First Class Kush (RESIN) - 1.00 gram,Disposables,Cake Floor: 2,45,50
Urb - 1g Aerodab - Hella Jelly (SH) (LIVE RESIN) - 1.00 gram,Disposables,Cake Floor: 5,45,50
Urb - 1g Aerodab - Honey Beltz(S)(ROSIN) - 1.00 gram,Disposables,Cake Floor: 5,55,60
Urb - 1g Aerodab - Kush Mints (H) (LIVE RESIN) - 1.00 gram,Disposables,Cake Floor: 5,45,50
Urb - 1g Aerodab - Mac Daddy (IH) (ROSIN) - 1.00 gram,Disposables,Cake Floor: 2,55,60
Urb - 1g Aerodab - Peyton Manning (S) (ROSIN) - 1.00 gram,Disposables,Cake Floor: 5,55,60
Urb - 1g Aerodab - Purple Dosidos (IH) (ROSIN) - 1.00 gram,Disposables,Cake Floor: 2,55,60
Urb - 1g Aerodab - Rainbow Beltz (H) (RESIN) - 1.00 gram,Disposables,Cake Floor: 5,45,50
Urb - 1g Aerodab - Silver OG Marathon (SH) (ROSIN) - 1.00 gram,Disposables,Cake Floor: 1,55,60
Urb - 1g Aerodab - Strawberry N' Chem(S)(RESIN) - 1.00 gram,Disposables,Cake Floor: 4,45,50
Urb - 2.7g Aerovape Jumbo - Gas Berry - 2.50 grams,Disposables,Cake Floor: 4,50,55
Urb - 2.7g Aerovape Jumbo - Gas Berry - 2.50 grams,Disposables,Cake Floor: 5,50,55
Urb - 2.7g Aerovape Jumbo - Guava Gelato - 2.50 grams,Disposables,Cake Floor: 5,50,55
Urb - 2.7g Aerovape Jumbo - Hawaiian Trainwreck - 2.50 grams,Disposables,Cake Floor: 4,50,55
Urb - 2.7g Aerovape Jumbo - Sherblato - 2.50 grams,Disposables,Cake Floor: 6,50,55
Urb - 2.7g Aerovape Jumbo - Sour Blueberry - 2.00 grams,Disposables,Cake Floor: 2,50,55
Urb - 2.7g Aerovape Jumbo - Sour Blueberry - 2.50 grams,Disposables,Cake Floor: 5,50,55
Urb - 2.7g Aerovape Jumbo - Strawberry Shortcake - 2.50 grams,Disposables,Cake Floor: 1,50,55
Urb - 2.7g Aerovape Jumbo - Strawberry Shortcake - 2.50 grams,Disposables,Cake Floor: 5,50,55
 Jelly Zonuts (S),Flower,Cake Floor: 111,7g - $16  28g - $40,7g - $20  28g - $50
 Jelly Zonuts (S),Flower,Bulk Inventory: 454,7g - $16  28g - $40,7g - $20  28g - $50
Animal Kush Mintz,Flower,Cake Floor: 42.00,1g - $7   3.5g - $20,1g - $9   3.5g - $25
Animal Kush Mintz,Flower,Cake Floor: 24.0,1g - $7  3.5g - $20,1g - $9   3.5g - $25
Apple Sherbet (S),Flower,Bulk Inventory: 454,7g - $16  28g - $40,7g - $20  28g - $50
Blue Dream,Flower,Cake Floor: 1.00,1g - $6   3.5g - $16,1g - $7   3.5g - $20
Blue Zushi,Flower,Cake Floor: 2.0,1g - $9   3.5g - $25,1g - $11  3.5g - $30
Bomb Pop,Flower,Cake Floor: 45.00,1g - $7   3.5g - $20,1g - $9   3.5g - $25
Dante's Inferno,Flower,Cake Floor: 1,1g - $6   3.5g - $16,1g - $7   3.5g - $20
Dante's Inferno,Flower,Cake Floor: 1.5,1g - $6   3.5g - $16,1g - $7   3.5g - $20
Dantes Inferno (I),Flower,Bulk Inventory: 454,7g - $16  28g - $40,7g - $20  28g - $50
Dantes Inferno (I),Flower,Bulk Inventory: 454,7g - $16  28g - $40,7g - $20  28g - $50
Dip N Styx (S),Flower,Cake Floor: 34,7g - $16  28g - $40,7g - $20  28g - $50
Dulce de Uva (I),Flower,Bulk Inventory: 454,7g - $16  28g - $40,7g - $20  28g - $50
Dutch Treat,Flower,Cake Floor: 2.0,1g - $9   3.5g - $25,1g - $11  3.5g - $30
Dutch Treat,Flower,Cake Floor: 2.00,1g - $9   3.5g - $25,1g - $11  3.5g - $30
GMO,Flower,Cake Floor: 1,1g - $7   3.5g - $20,1g - $9   3.5g - $25
GMO,Flower,Cake Floor: 1,1g - $7   3.5g - $20,1g - $9   3.5g - $25
GMO,Flower,Cake Floor: 1.5,1g - $7   3.5g - $20,1g - $9   3.5g - $25
GMO,Flower,Cake Floor: 12.5,1g - $7   3.5g - $20,1g - $9   3.5g - $25
GMO,Flower,Cake Floor: 3.5,1g - $7   3.5g - $20,1g - $9   3.5g - $25
GMO,Flower,Cake Floor: 7,1g - $7   3.5g - $20,1g - $9   3.5g - $25
GMO,Flower,Cake Floor: 5,1g - $7   3.5g - $20,1g - $9   3.5g - $25
Gelato Cake,Flower,Cake Floor: 50.00,1g - $6   3.5g - $16,1g - $7   3.5g - $20
Guava (S),Flower,Bulk Inventory: 454,7g - $16  28g - $40,7g - $20  28g - $50
Hindu Kush,Flower,Cake Floor: 0.5,1g - $9   3.5g - $25,1g - $11  3.5g - $30
Ice Cream Cake LOW,Flower,Cake Floor: 40.00,1g - $6   3.5g - $16,1g - $7   3.5g - $20
Ice Cream Cake MID,Flower,Cake Floor: 10.5,1g - $7   3.5g - $20,1g - $9   3.5g - $25
Jet Fuel,Flower,Cake Floor: 8.5,1g - $7   3.5g - $20,1g - $9   3.5g - $25
Jet Fuel,Flower,Cake Floor: 27.50,1g - $7   3.5g - $20,1g - $9   3.5g - $25
Mac,Flower,Cake Floor: 28.0,1g - $9   3.5g - $25,1g - $11  3.5g - $30
Northern Lights,Flower,Cake Floor: 17.50,1g - $6   3.5g - $16,1g - $7   3.5g - $20
Permanent Marker ,Flower,Cake Floor: 42.00,1g - $9   3.5g - $25,1g - $11  3.5g - $30
Peyton Manning (S),Flower,Bulk Inventory: 454,7g - $16  28g - $40,7g - $20  28g - $50
Peyton Manning (S),Flower,Bulk Inventory: 454,7g - $16  28g - $40,7g - $20  28g - $50
Rainbow Belts,Flower,Cake Floor: 71.50,1g - $9  3.5g - $25,1g - $11  3.5g - $30
Sherbacio (H),Flower,Bulk Inventory: 454,7g - $16  28g - $40,7g - $20  28g - $50
Sherbcake,Flower,Cake Floor: 70.50,1g - $7   3.5g - $20,1g - $9   3.5g - $25
Sour Bubble,Flower,Cake Floor: 68.50,1g - $7   3.5g - $20,1g - $9   3.5g - $25
Sour Diesel ,Flower,Cake Floor: 16.50,1g - $6   3.5g - $16,1g - $7   3.5g - $20
Strawberry Cough ,Flower,Cake Floor: 11.00,1g - $6   3.5g - $16,1g - $7   3.5g - $20
Trop Cherry,Flower,Bulk Inventory: 112,1g - $7   3.5g - $20,1g - $9   3.5g - $25
Trop Cherry,Flower,Cake Floor: 29.0,1g - $7   3.5g - $20,1g - $9   3.5g - $25
Trop Cherry,Flower,Cake Floor: 10,1g - $7   3.5g - $20,1g - $9   3.5g - $25
Bulk Flower- A/B Buds- Black Garclic (I),Flower Lot,Bulk Inventory: 290,,
Bulk Flower- A/B Buds- Greasemonkey (I/H),Flower Lot,Bulk Inventory: 460,,
Bulk Flower- A/B Buds- Greasemonkey (I/H),Flower Lot,Bulk Inventory: 460,,
Bulk Flower- A/B Buds- Greasemonkey (I/H),Flower Lot,Bulk Inventory: 233,,
Bulk Flower- A/B Buds- Greasemonkey (I/H),Flower Lot,Bulk Inventory: 460,,
Bulk Flower- A/B Buds- Wedding Crasher (S),Flower Lot,Bulk Inventory: 460,,
Bulk Flower- A/B Buds- Wedding Crasher (S),Flower Lot,Bulk Inventory: 460,,
Bulk Flower- A/B Buds- Wedding Crasher (S),Flower Lot,Bulk Inventory: 460,,
Bulk Flower- A/B Buds- Wedding Crasher (S),Flower Lot,Bulk Inventory: 460,,
Bulk Flower- A/B Buds- Wedding Crasher (S),Flower Lot,Bulk Inventory: 460,,
Bulk Flower- A/B Buds- Wedding Crasher (S),Flower Lot,Bulk Inventory: 460,,
Bulk Flower- C Buds (Popcorn)- Lemon Cherry Truffles,Flower Lot,Bulk Inventory: 454,,
Bulk Flower- C Buds- Apple Sherbet (S),Flower Lot,Bulk Inventory: 454,,
Bulk Flower- C Buds- Chernobyl (S),Flower Lot,Bulk Inventory: 454,,
Bulk Flower- Popcorn- Walter White Widow (H),Flower Lot,Bulk Inventory: 454,,
Hash Hole - Cap Junky x GMO (H),Hash,Cake Floor: 2,40,45
Hash Hole - GMO x Brandy Wine Bandit (I),Hash,Cake Floor: 2,40,45
Hash Hole - Sub Zero x Orange Banana (S),Hash,Cake Floor: 2,40,45
Hash Hole - Tropicana Cherry x Black Jelly,Hash,Cake Floor: 2,40,45
Hashito (single) - Brain Freeze x Orange Creamsicle,Hash,Cake Floor: 2,30,35
Hashito (single) - Cap Junky x GMO (H),Hash,Cake Floor: 2,30,35
Hashito (single) - GMO x Brandy Wine Bandit (I),Hash,Cake Floor: 2,30,35
Hashito (single) - Sub Zero x Orange Banana (S),Hash,Cake Floor: 2,30,35
1g - Infused Prerolls - Berry Raspberry (H),Infused Prerolls,Cake Floor: 10,10,12
1g - Infused Prerolls - Black Cherry Gushers (H),Infused Prerolls,Cake Floor: 10,10,12
1g - Infused Prerolls - Blazin' Banana (I),Infused Prerolls,Cake Floor: 10,10,12
1g - Infused Prerolls - Blueberry Wave (I),Infused Prerolls,Cake Floor: 10,10,12
1g - Infused Prerolls - Bubblegum Gelato (I),Infused Prerolls,Cake Floor: 10,10,12
1g - Infused Prerolls - Caribbean Pineapple (S),Infused Prerolls,Cake Floor: 10,10,12
1g - Infused Prerolls - Donut Shop (I),Infused Prerolls,Cake Floor: 10,10,12
1g - Infused Prerolls - Elon Must (I),Infused Prerolls,Cake Floor: 10,10,12
1g - Infused Prerolls - Glitter Bomb (H),Infused Prerolls,Cake Floor: 10,10,12
1g - Infused Prerolls - Hawaiian Snocone (S),Infused Prerolls,Cake Floor: 10,10,12
1g - Infused Prerolls - Hoochie Coochie (I),Infused Prerolls,Cake Floor: 10,10,12
1g - Infused Prerolls - Laughing Gas (H),Infused Prerolls,Cake Floor: 9,10,12
1g - Infused Prerolls - Lemon Sorbet (S),Infused Prerolls,Cake Floor: 10,10,12
1g - Infused Prerolls - Milfs Milk (S),Infused Prerolls,Cake Floor: 10,10,12
1g - Infused Prerolls - Orange Sherbet (H),Infused Prerolls,Cake Floor: 10,10,12
1g - Infused Prerolls - Panty Dropper (S),Infused Prerolls,Cake Floor: 10,10,12
1g - Infused Prerolls - Pink Panties (I),Infused Prerolls,Cake Floor: 10,10,12
1g - Infused Prerolls - Pink Starburst (S),Infused Prerolls,Cake Floor: 10,10,12
1g - Infused Prerolls - Pixie Styx (S),Infused Prerolls,Cake Floor: 10,10,12
1g - Infused Prerolls - Rainbow Runtz (H),Infused Prerolls,Cake Floor: 10,10,12
1g - Infused Prerolls - Strawberry Freeze (I),Infused Prerolls,Cake Floor: 10,10,12
1g - Infused Prerolls - Strawberry Mochi (I),Infused Prerolls,Cake Floor: 10,10,12
1g - Infused Prerolls - Tastee Cake (H),Infused Prerolls,Cake Floor: 10,10,12
1g - Infused Prerolls - Tittie Sprinklez (H),Infused Prerolls,Cake Floor: 10,10,12
1g - Infused Prerolls - Tricks Milk (S),Infused Prerolls,Cake Floor: 10,10,12
1g - Infused Prerolls - Watermelon Slushie (H),Infused Prerolls,Cake Floor: 10,10,12
ACDC Sauce Infused Preroll,Infused Prerolls,Cake Floor: 57,8,10
Blueberry AK Sauce Infused Preroll,Infused Prerolls,Cake Floor: 48,8,10
Bubble Jay - Alien Cake,Infused Prerolls,Cake Floor: 1,12,15
Bubble Jay - King Kenny,Infused Prerolls,Cake Floor: 5,12,15
Bubble Jay - Rodeo Diesel,Infused Prerolls,Cake Floor: 3,12,15
BubbleGum OG Sauce Infused Preroll,Infused Prerolls,Cake Floor: 53,8,10
Freezee Pop 2.0 - Bomb Pop (S),Infused Prerolls,Cake Floor: 9,8,10
Freezee Pop 2.0 - Green Apple (S),Infused Prerolls,Cake Floor: 7,8,10
Freezee Pop 2.0 - Green Apple (S),Infused Prerolls,Cake Floor: 1,8,10
Freezee Pop 2.0 - Lemon Popsicle (S),Infused Prerolls,Cake Floor: 9,8,10
Freezee Pop 2.0 - Lemon Popsicle (S),Infused Prerolls,Cake Floor: 4,8,10
Freezee Pop 2.0 - Rainbow Belts (I),Infused Prerolls,Cake Floor: 10,8,10
Freezee Pop 2.0 - Strawberry Lemonade (S) ,Infused Prerolls,Cake Floor: 8,8,10
Freezee Pop 2.0 - Strawberry Lemonade (S) ,Infused Prerolls,Cake Floor: 2,8,10
Freezee Pop 2.0 - Strawberry Lemonade (S) ,Infused Prerolls,Cake Floor: 1,8,10
Freezee Pop 2.0 - Watermelon (I),Infused Prerolls,Cake Floor: 10,8,10
Freezee Pop 2.0 - Watermelon (I),Infused Prerolls,Cake Floor: 1,8,10
Jupiter Joint MEGA | 2g | Peach Rings,Infused Prerolls,Cake Floor: 3,20,25
Jupiter Joints | Key Lime Pie (S) | 1 gram,Infused Prerolls,Cake Floor: 9,12,15
Jupiter Joints | Key Lime Pie (S) | 1 gram,Infused Prerolls,Cake Floor: 9,12,15
Jupiter Joints | Mango Sunrise Kush (S) | 1 Gram,Infused Prerolls,Cake Floor: 7,12,15
Jupiter Joints | Pink Lemonade (S) | 1 Gram * Breast Cancer Research Fundraiser,Infused Prerolls,Cake Floor: 3,12,15
Jupiter Joints | Watermelon Splash (S) | 1 Gram,Infused Prerolls,Cake Floor: 3,12,15
Mr. Nice ,Infused Prerolls,Cake Floor: 4,12,15
OOZEx - Candy Apple - 1g-5pk Prerolls,Infused Prerolls,Cake Floor: 2,50,55
Orange Punch Sauce Infused Preroll,Infused Prerolls,Cake Floor: 60,8,10
R.I.P's - 1G Rosin Infused Preroll - Apple Fritter (I),Infused Prerolls,Cake Floor: 1,16,20
R.I.P's - 1G Rosin Infused Preroll - Apple Fritter (I),Infused Prerolls,Cake Floor: 1,16,20
Sanchitos (3 Pack) - Fresas con Crema,Infused Prerolls,Cake Floor: 2,16,20
Sanchitos (3 Pack) - Loud Cake ,Infused Prerolls,Cake Floor: 5,16,20
Tokees - Blue Agave,Infused Prerolls,Cake Floor: 1,7,8
Tokees - Blue Agave,Infused Prerolls,Cake Floor: 8,7,8
Tokees - Cheetah Piss,Infused Prerolls,Cake Floor: 1,7,8
Tokees - Cheetah Piss,Infused Prerolls,Cake Floor: 6,7,8
Tokees - Cheetah Piss,Infused Prerolls,Cake Floor: 10,7,8
Tokees - Chingon OG,Infused Prerolls,Cake Floor: 10,7,8
Tokees - Chingon OG,Infused Prerolls,Cake Floor: 1,7,8
Tokees - Sandia OG,Infused Prerolls,Cake Floor: 10,7,8
Tokees - Sandia OG,Infused Prerolls,Cake Floor: 4,7,8
Tokees - Sandia OG,Infused Prerolls,Cake Floor: 2,7,8
Trainwreck Sauce Infused Preroll,Infused Prerolls,Cake Floor: 51,8,10
Urb - 3g Jointcase 505 - Rainbow Belts (5pk),Infused Prerolls,Cake Floor: 10,20,25
Urb - 3g Jointcase 505 - Sour Blueberry (5pk),Infused Prerolls,Cake Floor: 9,20,25
Urb - 3g Jointcase 505 - Thin Mintz (5pk),Infused Prerolls,Cake Floor: 10,20,25
Cherry Cock-Tail,Liquid Edibles,Cake Floor: 21,8,10
DROOL RSO RECOVERY 1G SYRINGE - 1.00 gram,Liquid Edibles,Cake Floor: 10,25,30
DROOL RSO RELIEF 1G SYRINGE - 1.00 gram,Liquid Edibles,Cake Floor: 6,25,30
DROOL RSO SLEEP 1G SYRINGE - 1.00 gram,Liquid Edibles,Cake Floor: 9,25,30
Grape Cock-Tail,Liquid Edibles,Cake Floor: 22,8,10
Karma Lemonade - 100mg The Pure - Blueberry,Liquid Edibles,Cake Floor: 2,16,18
Karma Lemonade - 100mg The Pure - Cherry,Liquid Edibles,Cake Floor: 7,16,18
Karma Lemonade - 100mg The Pure - Lavender,Liquid Edibles,Cake Floor: 20,16,18
Karma Lemonade - 100mg The Pure - Original,Liquid Edibles,Cake Floor: 22,16,18
Karma Lemonade - 100mg The Pure - Pineapple Blast,Liquid Edibles,Cake Floor: 15,16,18
Karma Lemonade - 100mg The Pure - Prickly Pear,Liquid Edibles,Cake Floor: 21,16,18
Royal Coconut Cock-Tail,Liquid Edibles,Cake Floor: 21,8,10
Serenity Serum - AM Serum - 100mg Pure,Liquid Edibles,Cake Floor: 10,12,15
Serenity Serum - PM Serum w Lavender - 100mg Pure,Liquid Edibles,Cake Floor: 10,12,15
Watermelon Lemonade,Liquid Edibles,Cake Floor: 23,8,10
3.5g Lunar Rock | Baja Blast-Off,Moon Rocks,Cake Floor: 3,30,35
3.5g Lunar Rock | Blue Dream,Moon Rocks,Cake Floor: 3,30,35
3.5g Lunar Rock | Jack Herer,Moon Rocks,Cake Floor: 5,30,35
3.5g Lunar Rock | Pineapple Paradise,Moon Rocks,Cake Floor: 4,30,35
3.5g Lunar Rock | White Grape,Moon Rocks,Cake Floor: 6,30,35
Big Mac 1g (I) - 1.00 gram,Prerolls,Cake Floor: 99,4,5
Biscotti Mints 1g (I) - 1.00 gram,Prerolls,Cake Floor: 99,4,5
Black Cherry Gelato(h)1g preroll,Prerolls,Cake Floor: 3,4,5
Black Cherry Gelato(h)1g preroll,Prerolls,Bulk Inventory: 100,4,5
Blue Dream 1g (S) - 1.00 gram,Prerolls,Cake Floor: 75,4,5
Blue Slushie-Pre-Roll-1g,Prerolls,Bulk Inventory: 100,4,5
Blue Slushie-Pre-Roll-1g,Prerolls,Cake Floor: 1,4,5
Blue Slushie-Pre-Roll-1g,Prerolls,Bulk Inventory: 100,4,5
Cadillac Rainbow 1g (H) - 1.00 gram,Prerolls,Cake Floor: 91,4,5
Candy Bezels 1g (I) - 1.00 gram,Prerolls,Cake Floor: 100,4,5
Champagne Kush(h)1g preroll,Prerolls,Cake Floor: 37,4,5
Dantes Inferno 1g (I) - 1.00 gram,Prerolls,Cake Floor: 100,4,5
Dulce De Uva 1g (I) - 1.00 gram,Prerolls,Cake Floor: 97,4,5
Durban Posion 1g (S) - 1.00 gram,Prerolls,Cake Floor: 99,4,5
Grape-Z-Pre-Roll-1g - 1.00 gram - 1.00 gram,Prerolls,Cake Floor: 1,4,5
Grapes N Cream 1g (H) - 1.00 gram,Prerolls,Cake Floor: 99,4,5
Guava 1g (S) - 1.00 gram,Prerolls,Cake Floor: 66,4,5
Jelly Zonuts 1g (S) - 1.00 gram,Prerolls,Cake Floor: 76,4,5
Platnum OG preroll 1g - 1.00 gram,Prerolls,Cake Floor: 13,4,5
Pre-Roll Zoap (Hy) - 1.00 gram,Prerolls,Cake Floor: 44,4,5
Preroll - Alien Candy - 1.00 gram (I) - 1.00 gram,Prerolls,Cake Floor: 17,4,5
Preroll - Animal Kush Mints 1.00gram - (Hy) - 1.00 gram,Prerolls,Cake Floor: 44,4,5
Preroll - Big Mac - 1.00 gram (I) - 1.00 gram,Prerolls,Cake Floor: 57,4,5
Preroll - Garlic Icing x Meat Breath - 1.00 gram (Hy) - 1.00 gram,Prerolls,Cake Floor: 7,4,5
Preroll - Matchalato - 1.00gram - (I) - 1.00 gram,Prerolls,Cake Floor: 10,4,5
Rainbow Belts 1g (I) - 1.00 gram,Prerolls,Cake Floor: 93,4,5
Sherbanger-Pre-Roll-1g - 1.00 gram - 1.00 gram - 1.00 gram,Prerolls,Cake Floor: 13,4,5
Sour Tangie (s)1G-Pre Roll - 1.00 gram,Prerolls,Cake Floor: 5,4,5
Tricho Jordan-Pre-Roll-1g - 1.00 gram,Prerolls,Cake Floor: 23,4,5
Watermelon N' Later 1g (I) - 1.00 gram,Prerolls,Cake Floor: 96,4,5
Watermelon OG (i)1G-Pre Roll - 1.00 gram,Prerolls,Cake Floor: 29,4,5
Wedding Cake (H)1G-Pre Roll,Prerolls,Cake Floor: 20,4,5
Wedding Punch 1g (H) - 1.00 gram - 1.00 gram,Prerolls,Cake Floor: 98,4,5
White Widow(h)1G PreRoll,Prerolls,Cake Floor: 4,4,5
cherry friter 1g preroll,Prerolls,Cake Floor: 24,4,5
key lime-(i) - 1.00 gram,Prerolls,Cake Floor: 38,4,5
Peach Gummies 100mg,Solid Cannabis Infused Edible,Bulk Inventory: 12,,
Sour Coconut Gummies 100mg,Solid Cannabis Infused Edible,Bulk Inventory: 25,,
Strawberry Gummies 100mg,Solid Cannabis Infused Edible,Bulk Inventory: 118,,
100mg Brownie,Solid Edibles,Cake Floor: 5,13,15
100mg Chocolate Moon Bar,Solid Edibles,Cake Floor: 2,13,15
100mg Chocolate Moon Bar,Solid Edibles,Cake Floor: 6,13,15
100mg Cookies and Cream Moon Bar,Solid Edibles,Cake Floor: 10,13,15
100mg Fruity Moon Bar,Solid Edibles,Cake Floor: 9,13,15
100mg Horchata Moon Bar,Solid Edibles,Cake Floor: 10,13,15
100mg Plain Moon Bar,Solid Edibles,Cake Floor: 10,13,15
Cafe Noir Bites 80mg,Solid Edibles,Cake Floor: 8,16,18
Chocolate Drops - 100mg,Solid Edibles,Cake Floor: 9,16,18
Fligh 500mg Blueberry Mango Gummies,Solid Edibles,Cake Floor: 6,25,Med Only 
Fligh 500mg Moscow Mule Gummies,Solid Edibles,Cake Floor: 2,25,Med Only 
Fligh 500mg Moscow Mule Gummies,Solid Edibles,Cake Floor: 19,25,Med Only 
Fligh 500mg Pomegranate Gummies,Solid Edibles,Cake Floor: 5,25,Med Only 
Fligh 500mg Pomegranate Gummies,Solid Edibles,Cake Floor: 12,25,Med Only 
Fligh 500mg Raspberry Lemonade Gummies,Solid Edibles,Cake Floor: 2,25,Med Only 
Fligh 500mg Raspberry Lemonade Gummies,Solid Edibles,Cake Floor: 5,25,Med Only 
Fligh 500mg Sangria Gummies,Solid Edibles,Cake Floor: 14,25,Med Only 
Fligh 500mg Sangria Gummies,Solid Edibles,Cake Floor: 3,25,Med Only 
Fligh 500mg Sangria Gummies,Solid Edibles,Cake Floor: 14,25,Med Only 
Funktional - Medical 500mg Pineapple Sativa - 500mg,Solid Edibles,Cake Floor: 11,20,Med Only 
Gonzo Gummies - G Bags | Berry Crush - 100mg,Solid Edibles,Cake Floor: 3,10,12
Gonzo Gummies - G Bags | Grape Furry - 100mg,Solid Edibles,Cake Floor: 6,10,12
Karma Cookie - Blueberry Cobbler - 80mg Pure,Solid Edibles,Cake Floor: 19,13,15
Karma Cookie - Cherry Cobbler - 40mg Pure,Solid Edibles,Cake Floor: 17,8,10
Karma Cookie - Chocolate Chip - 80mg,Solid Edibles,Cake Floor: 18,13,15
Karma Cookie - Lemon Berry Bomb - 80mg,Solid Edibles,Cake Floor: 17,13,15
Karma Trichs - 60mg - Green Apple,Solid Edibles,Cake Floor: 8,12,15
Karma Trichs - 60mg - Lemon,Solid Edibles,Cake Floor: 8,12,15
Karma X Gummies - Electric Green Apple - 100mg The Pure,Solid Edibles,Cake Floor: 15,12,15
Karma X Gummies - Southern Blackberry - 100mg The Pure,Solid Edibles,Cake Floor: 12,12,15
Karma X Gummies - Tropical Mango Sunset - 100mg The Pure,Solid Edibles,Cake Floor: 10,12,15
Karma X Gummies - Watermelon Splash - 100mg The Pure,Solid Edibles,Cake Floor: 10,12,15
Lemon Aide Bite 80mg,Solid Edibles,Cake Floor: 1,20,22
Olio Gummies - Rec - Chili Lime Mango- 100mg ,Solid Edibles,Cake Floor: 5,15,18
Olio Gummies - Rec - Passion Fruit - 100mg ,Solid Edibles,Cake Floor: 1,15,18
Olio Gummies - Rec - Pom-Limeade - 100mg ,Solid Edibles,Cake Floor: 2,15,18
Olio Gummies - Rec - Sour Grape Soda - 100mg,Solid Edibles,Cake Floor: 4,15,18
Olio Gummies- Rec - Sour Peach - 100mg,Solid Edibles,Cake Floor: 2,15,18
PQ - Basic Bar - Dark Chocolate - 100mg,Solid Edibles,Cake Floor: 12,15,18
PQ - Basic Bar - Milk Chocolate - 100mg,Solid Edibles,Cake Floor: 10,15,18
PQ - Basic Bar - White Chocolate - 100mg,Solid Edibles,Cake Floor: 12,15,18
PQ - Cups - Original Crunchy - 80mg,Solid Edibles,Cake Floor: 12,13,15
PQ - Cups - PB and Jealous - 80mg,Solid Edibles,Cake Floor: 12,13,15
PQ - Pharm Bar - Loopy Phroots - 100mg - Reserved,Solid Edibles,Cake Floor: 11,15,18
PQ - Pharm Bar - Mudslide - 100mg,Solid Edibles,Cake Floor: 10,15,18
PQ - Pharm Bar - Strawberry Shortcake - 100mg,Solid Edibles,Cake Floor: 11,15,18
PQ - Pharm Bar - Tophee Pretzel - 100mg,Solid Edibles,Cake Floor: 11,15,18
PQ - Truphles - Caramel Smores - 60mg,Solid Edibles,Cake Floor: 12,13,15
PQ - Truphles - Chocolate Cherry - 60mg,Solid Edibles,Cake Floor: 11,13,15
PQ - Truphles - Red Velvet Cake - 60mg,Solid Edibles,Cake Floor: 12,13,15
Psychedelic Sugar Cookie 100mg,Solid Edibles,Cake Floor: 11,17,20
Pupper Bud-Ease 15mg,Solid Edibles,Cake Floor: 13,14,16
Take N Make - 250mg - Pancake / Waffle Mix,Solid Edibles,Cake Floor: 2,25,30
Take N Make - 250mg - Walnut Brownie Mix,Solid Edibles,Cake Floor: 2,25,30
Take N Make Chocolate Chip Cookies 250mg Hybrid,Solid Edibles,Cake Floor: 5,25,30
WANA CL BLUEBERRY INDICA 100MG,Solid Edibles,Cake Floor: 2,15,18
WANA CL EXOTIC YUZU 2:1 HYBRID 100MG,Solid Edibles,Cake Floor: 6,17,20
WANA CL MANGO SATIVA 100MG,Solid Edibles,Cake Floor: 1,15,18
WANA CL STRAWBERRY LEMONADE 1:1 HYBRID 100MG,Solid Edibles,Cake Floor: 7,17,20
WANA QK ISLAND PUNCH INDICA 100MG,Solid Edibles,Cake Floor: 1,19,22
WANA QK LIMONCELLO HYBRID 100MG,Solid Edibles,Cake Floor: 5,19,22
WANA QK OP CHERRY COLA RELIEF 1:1:1,Solid Edibles,Cake Floor: 9,21,25
WANA QK OP CLEMENTINE SHINE LIFT 1:1:1,Solid Edibles,Cake Floor: 8,21,25
Yum Clouds Electric Guava Wuava Gummies 100mg THC -10pc,Solid Edibles,Cake Floor: 19,12,15
Yum Clouds Electric Papaya Gummies 100mg THC -10pc,Solid Edibles,Cake Floor: 18,12,15
iATRO ACTIVE CITRUS PUNCH 50MG,Solid Edibles,Cake Floor: 8,21,25
iATRO FOCUS PINEAPPLE CHILI 50MG,Solid Edibles,Cake Floor: 8,21,25
iATRO MEDITATE BLUEBERRY 100MG,Solid Edibles,Cake Floor: 7,21,25
iATRO PERFECT BLACKBERRY LEMONADE 50MG,Solid Edibles,Cake Floor: 8,21,25
iATRO SLEEP TART CHERRY 100MG,Solid Edibles,Cake Floor: 6,21,25
100mg Lunar Lube Peppermint,Topicals,Cake Floor: 17,25,30
Cannabis Cosmetix - 500mg - 1:1 - THC:CBD Lotion - Rosemary Mint,Topicals,Bulk Inventory: 14,,
Cannabis Cosmetix - Lotion - Lemongrass Sage - 500mg THC - 500mg CBD - 500mg,Topicals,Bulk Inventory: 12,,
Elevated - Topical - 1000mg - Therabalm COLD Roll On,Topicals,Cake Floor: 4,20,25
Elevated - Topical - 1000mg - Therabalm COLD Roll On,Topicals,Cake Floor: 13,20,25
Elevated - Topical - 1000mg - Therabalm HOT Roll On,Topicals,Cake Floor: 7,20,25
